{
  "model_name": "meta-llama/Llama-3.2-3B",
  "total_examples": 34000,
  "memory_agreeing_count": 19820,
  "context_agreeing_count": 13523,
  "other_count": 657,
  "error_count": 0,
  "memory_agreeing_pct": 58.29411764705882,
  "context_agreeing_pct": 39.773529411764706,
  "other_pct": 1.9323529411764704,
  "error_pct": 0.0,
  "avg_yes_probability": 0.3068362821691176,
  "avg_no_probability": 0.24422145708869486
}