{
  "model_name": "Qwen/Qwen3-1.7B",
  "total_examples": 34000,
  "memory_agreeing_count": 4203,
  "context_agreeing_count": 3559,
  "other_count": 26238,
  "error_count": 0,
  "memory_agreeing_pct": 12.361764705882353,
  "context_agreeing_pct": 10.467647058823529,
  "other_pct": 77.17058823529412,
  "error_pct": 0.0,
  "avg_yes_probability": 0.22372658134909237,
  "avg_no_probability": 0.0023402019458658553,
  "query_only": true
}