{
  "model_name": "Qwen/Qwen3-30B-A3B-Base",
  "total_examples": 17000,
  "memory_agreeing_count": 6109,
  "context_agreeing_count": 10888,
  "other_count": 3,
  "error_count": 0,
  "memory_agreeing_pct": 35.93529411764706,
  "context_agreeing_pct": 64.04705882352941,
  "other_pct": 0.01764705882352941,
  "error_pct": 0.0,
  "avg_yes_probability": 0.33764142922794116,
  "avg_no_probability": 0.42824709903492647
}