{
  "model_name": "google/gemma-3-1b-pt",
  "total_examples": 17000,
  "memory_agreeing_count": 7425,
  "context_agreeing_count": 587,
  "other_count": 8988,
  "error_count": 0,
  "memory_agreeing_pct": 43.6764705882353,
  "context_agreeing_pct": 3.4529411764705884,
  "other_pct": 52.870588235294115,
  "error_pct": 0.0,
  "avg_yes_probability": 0.11130792954388787,
  "avg_no_probability": 0.06178541564941406
}