{
  "model_name": "meta-llama/Llama-3.2-1B",
  "total_examples": 34000,
  "memory_agreeing_count": 13891,
  "context_agreeing_count": 15968,
  "other_count": 4141,
  "error_count": 0,
  "memory_agreeing_pct": 40.85588235294117,
  "context_agreeing_pct": 46.964705882352945,
  "other_pct": 12.17941176470588,
  "error_pct": 0.0,
  "avg_yes_probability": 0.19000666001263786,
  "avg_no_probability": 0.1773029659495634
}