{
  "model_name": "meta-llama/Llama-3.2-3B",
  "total_examples": 17000,
  "memory_agreeing_count": 9844,
  "context_agreeing_count": 6849,
  "other_count": 307,
  "error_count": 0,
  "memory_agreeing_pct": 57.90588235294118,
  "context_agreeing_pct": 40.28823529411765,
  "other_pct": 1.8058823529411767,
  "error_pct": 0.0,
  "avg_yes_probability": 0.30727562758501836,
  "avg_no_probability": 0.24434337660845587
}