{
  "model_name": "meta-llama/Llama-3.1-8B",
  "total_examples": 34000,
  "memory_agreeing_count": 3605,
  "context_agreeing_count": 30166,
  "other_count": 229,
  "error_count": 0,
  "memory_agreeing_pct": 10.602941176470589,
  "context_agreeing_pct": 88.7235294117647,
  "other_pct": 0.6735294117647059,
  "error_pct": 0.0,
  "avg_yes_probability": 0.20722215001723346,
  "avg_no_probability": 0.33813498104319856
}