{
  "model_name": "Qwen/Qwen3-30B-A3B-Base",
  "total_examples": 34000,
  "memory_agreeing_count": 12084,
  "context_agreeing_count": 21914,
  "other_count": 2,
  "error_count": 0,
  "memory_agreeing_pct": 35.54117647058824,
  "context_agreeing_pct": 64.45294117647059,
  "other_pct": 0.0058823529411764705,
  "error_pct": 0.0,
  "avg_yes_probability": 0.3361317928538603,
  "avg_no_probability": 0.43127951229319855
}