{
  "model_name": "Qwen/Qwen3-1.7B",
  "total_examples": 17000,
  "memory_agreeing_count": 6460,
  "context_agreeing_count": 18,
  "other_count": 10522,
  "error_count": 0,
  "memory_agreeing_pct": 38.0,
  "context_agreeing_pct": 0.10588235294117646,
  "other_pct": 61.89411764705882,
  "error_pct": 0.0,
  "avg_yes_probability": 0.26141936313404757,
  "avg_no_probability": 0.005742176134577569
}