{
  "model_name": "meta-llama/Llama-3.2-3B-Instruct",
  "total_examples": 34000,
  "memory_agreeing_count": 19021,
  "context_agreeing_count": 9424,
  "other_count": 5555,
  "error_count": 0,
  "memory_agreeing_pct": 55.944117647058825,
  "context_agreeing_pct": 27.71764705882353,
  "other_pct": 16.33823529411765,
  "error_pct": 0.0,
  "avg_yes_probability": 0.3260009608356392,
  "avg_no_probability": 0.5216368766251732,
  "query_only": true
}