{
  "model_name": "Qwen/Qwen3-8B",
  "total_examples": 17000,
  "memory_agreeing_count": 4761,
  "context_agreeing_count": 12239,
  "other_count": 0,
  "error_count": 0,
  "memory_agreeing_pct": 28.005882352941175,
  "context_agreeing_pct": 71.99411764705881,
  "other_pct": 0.0,
  "error_pct": 0.0,
  "avg_yes_probability": 0.2931773899022271,
  "avg_no_probability": 0.7023426024856813
}