{
  "model_name": "google/gemma-3-1b-pt",
  "total_examples": 34000,
  "memory_agreeing_count": 11009,
  "context_agreeing_count": 11597,
  "other_count": 11394,
  "error_count": 0,
  "memory_agreeing_pct": 32.379411764705885,
  "context_agreeing_pct": 34.108823529411765,
  "other_pct": 33.51176470588235,
  "error_pct": 0.0,
  "avg_yes_probability": 0.1416094180836397,
  "avg_no_probability": 0.05444096105238971,
  "query_only": true
}