{
  "model_name": "Qwen/Qwen3-8B-Base",
  "total_examples": 17000,
  "memory_agreeing_count": 5620,
  "context_agreeing_count": 11379,
  "other_count": 1,
  "error_count": 0,
  "memory_agreeing_pct": 33.05882352941176,
  "context_agreeing_pct": 66.93529411764706,
  "other_pct": 0.0058823529411764705,
  "error_pct": 0.0,
  "avg_yes_probability": 0.3409453412224265,
  "avg_no_probability": 0.5331252656824449
}