{
  "model_name": "Qwen/Qwen3-8B-Base",
  "total_examples": 17000,
  "memory_agreeing_count": 5587,
  "context_agreeing_count": 11412,
  "other_count": 1,
  "error_count": 0,
  "memory_agreeing_pct": 32.86470588235294,
  "context_agreeing_pct": 67.12941176470588,
  "other_pct": 0.0058823529411764705,
  "error_pct": 0.0,
  "avg_yes_probability": 0.33989569091796873,
  "avg_no_probability": 0.5344227294921875
}