{
  "model_name": "Qwen/Qwen3-30B-A3B",
  "total_examples": 34000,
  "memory_agreeing_count": 1812,
  "context_agreeing_count": 112,
  "other_count": 32076,
  "error_count": 0,
  "memory_agreeing_pct": 5.329411764705883,
  "context_agreeing_pct": 0.32941176470588235,
  "other_pct": 94.34117647058824,
  "error_pct": 0.0,
  "avg_yes_probability": 0.04131951004244826,
  "avg_no_probability": 0.0300278779515887,
  "query_only": true
}