{
  "model_name": "meta-llama/Llama-3.2-1B-Instruct",
  "total_examples": 17000,
  "memory_agreeing_count": 2173,
  "context_agreeing_count": 14531,
  "other_count": 296,
  "error_count": 0,
  "memory_agreeing_pct": 12.78235294117647,
  "context_agreeing_pct": 85.4764705882353,
  "other_pct": 1.7411764705882353,
  "error_pct": 0.0,
  "avg_yes_probability": 0.23271064427757965,
  "avg_no_probability": 0.7410688840641695
}