{
  "model_name": "meta-llama/Llama-3.2-1B",
  "total_examples": 17000,
  "memory_agreeing_count": 7017,
  "context_agreeing_count": 7872,
  "other_count": 2111,
  "error_count": 0,
  "memory_agreeing_pct": 41.27647058823529,
  "context_agreeing_pct": 46.305882352941175,
  "other_pct": 12.41764705882353,
  "error_pct": 0.0,
  "avg_yes_probability": 0.19054270306755514,
  "avg_no_probability": 0.17698804788028494
}