{
  "model_name": "google/gemma-3-27b-pt",
  "total_examples": 17000,
  "memory_agreeing_count": 10643,
  "context_agreeing_count": 393,
  "other_count": 5964,
  "error_count": 0,
  "memory_agreeing_pct": 62.60588235294118,
  "context_agreeing_pct": 2.311764705882353,
  "other_pct": 35.08235294117647,
  "error_pct": 0.0,
  "avg_yes_probability": 0.14066131950827207,
  "avg_no_probability": 0.0904215518727022
}