{
  "model_name": "google/gemma-3-1b-it",
  "total_examples": 17000,
  "memory_agreeing_count": 93,
  "context_agreeing_count": 163,
  "other_count": 0,
  "error_count": 16744,
  "memory_agreeing_pct": 0.5470588235294118,
  "context_agreeing_pct": 0.9588235294117647,
  "other_pct": 0.0,
  "error_pct": 98.49411764705881,
  "avg_yes_probability": -0.9794519027486608,
  "avg_no_probability": -0.9753708283615988
}