{
  "model_name": "Qwen/Qwen3-30B-A3B",
  "total_examples": 17000,
  "memory_agreeing_count": 521,
  "context_agreeing_count": 428,
  "other_count": 16051,
  "error_count": 0,
  "memory_agreeing_pct": 3.0647058823529414,
  "context_agreeing_pct": 2.5176470588235293,
  "other_pct": 94.41764705882353,
  "error_pct": 0.0,
  "avg_yes_probability": 0.040494834520361005,
  "avg_no_probability": 0.03102657931051491
}