{
  "model_name": "meta-llama/Llama-3.2-3B-Instruct",
  "total_examples": 17000,
  "memory_agreeing_count": 1038,
  "context_agreeing_count": 15788,
  "other_count": 174,
  "error_count": 0,
  "memory_agreeing_pct": 6.105882352941176,
  "context_agreeing_pct": 92.87058823529412,
  "other_pct": 1.023529411764706,
  "error_pct": 0.0,
  "avg_yes_probability": 0.1052580133115544,
  "avg_no_probability": 0.8816166424470789
}