{
  "model_name": "meta-llama/Llama-3.2-3B-Instruct",
  "total_examples": 17000,
  "memory_agreeing_count": 1001,
  "context_agreeing_count": 15762,
  "other_count": 237,
  "error_count": 0,
  "memory_agreeing_pct": 5.888235294117647,
  "context_agreeing_pct": 92.71764705882353,
  "other_pct": 1.3941176470588235,
  "error_pct": 0.0,
  "avg_yes_probability": 0.10125634852577658,
  "avg_no_probability": 0.8806882619296803
}