{
  "model_name": "google/gemma-3-1b-pt",
  "total_examples": 17000,
  "memory_agreeing_count": 62,
  "context_agreeing_count": 2,
  "other_count": 192,
  "error_count": 16744,
  "memory_agreeing_pct": 0.36470588235294116,
  "context_agreeing_pct": 0.011764705882352941,
  "other_pct": 1.1294117647058823,
  "error_pct": 98.49411764705881,
  "avg_yes_probability": -0.9835168098000919,
  "avg_no_probability": -0.9842801549574908
}