model,context_following_rate,error_rate,avg_confidence,category_consistency,total_examples,memory_pct,context_pct,other_pct,composite_score
LLaMA3-3B-Instruct,94.02851518224662,0.0,0.8344016769914067,3.4226928285365537,17000,5.888235294117647,92.71764705882353,1.3941176470588235,93.95717032987314
LLaMA3-1B-Instruct,90.3405017921147,0.0,0.5942563668279087,8.312177428733758,17000,9.511764705882353,88.95882352941177,1.5294117647058825,87.19011031053067
LLaMA3-1B,52.87124722949829,0.0,0.06451332361557904,16.942194387847586,17000,41.27647058823529,46.305882352941175,12.41764705882353,60.74454592532614
LLaMA3-8B-Instruct,74.97348261638184,0.0,0.8130636130898972,6.768997442044717,17000,24.98235294117647,74.84117647058824,0.17647058823529413,85.5737655641462
LLaMA3-8B,85.8844657288237,0.0,0.1307539493336397,8.746241561253651,17000,13.870588235294118,84.39411764705882,1.7352941176470589,76.09424112207691
LLaMA3-3B,41.02917390522974,0.0,0.12066483082490809,16.634453009220913,17000,57.90588235294118,40.28823529411765,1.8058823529411767,57.16152087766797
