model,avg_yes_prob,std_yes_prob,avg_no_prob,std_no_prob,avg_confidence,std_confidence
LLaMA3-8B,0.21947703642003677,0.06266238982644842,0.32978211167279414,0.08268529137641308,0.1307539493336397,0.09703439996653822
LLaMA3-3B-Instruct,0.10125634852577658,0.18862712423465444,0.8806882619296803,0.2111583327134731,0.8344016769914067,0.24911188186003688
LLaMA3-1B-Instruct,0.2169327565501718,0.18728333274860692,0.7545379859699922,0.2064598008084635,0.5942563668279087,0.28156197956273826
LLaMA3-1B,0.19054270306755514,0.0667386258485431,0.17698804788028494,0.059927841995209535,0.06451332361557904,0.05263527702369801
LLaMA3-3B,0.30727562758501836,0.10266655093411343,0.24434337660845587,0.07360823170563624,0.12066483082490809,0.10170388316124375
LLaMA3-8B-Instruct,0.26953386093906184,0.3620051501968462,0.727584899017916,0.3630040013265226,0.8130636130898972,0.27060538363366976
