{
  "model_name": "meta-llama/Llama-3.1-8B-Instruct",
  "total_examples": 17000,
  "memory_agreeing_count": 4110,
  "context_agreeing_count": 12637,
  "other_count": 253,
  "error_count": 0,
  "memory_agreeing_pct": 24.176470588235293,
  "context_agreeing_pct": 74.33529411764705,
  "other_pct": 1.4882352941176469,
  "error_pct": 0.0,
  "avg_yes_probability": 0.26334063821176396,
  "avg_no_probability": 0.7167435998390702
}